car_id,target_reg,num_fold
y13744087j,9492.96,2
O41613818T,2656.23,4
d-2109686j,1526.11,9
u29695600e,1338.0,9
N-8915870N,825.72,9
b12101843B,5069.89,1
Q-9368117S,3528.55,2
O-2124190y,24814.13,8
h16895544p,1851.93,1
K77009462l,4146.26,1
s45684436W,3725.06,3
E-7624014J,3278.12,1
I49569137x,3224.24,3
f20619972B,4539.21,1
N18554472N,4530.13,0
O-2225875m,846.4,3
B11433908y,470.6,1
K20059604P,2396.86,1
D10115495S,4151.84,3
s-2136281x,1204.19,2
z72983842Y,441.95,9
s-1094161i,4831.8,8
Z-1155909A,4165.56,1
Z-1196295K,854.46,1
i31421704Y,3352.57,6
t10463236f,9931.92,7
v13404305i,3182.07,9
m20203244V,2155.83,6
k-1015732Y,791.31,2
m-8965256V,6240.59,6
U13022243O,2011.84,2
j12330862q,1737.21,6
C-5320082T,4193.79,6
s17672064L,1317.98,8
d19359573S,1778.52,2
O22361854N,2605.17,2
i-1479300M,3151.92,2
L60286103R,5140.35,9
p26377723i,1700.22,9
W-1512641W,931.67,2
y-3838245t,2084.35,4
b-2719977Z,2417.85,1
D-2109758O,388.89,8
M89853598O,3184.16,9
z34396656x,6997.92,6
S19803153J,1818.35,3
y35650754l,4108.2,7
U-1719392C,1753.55,8
Q12359942h,2640.76,3
F-2082660j,3259.36,0
C15164392z,3261.91,0
A-6969550V,1177.22,7
H21489304G,3413.66,8
Y-4731644Z,2949.02,5
Y-1002609O,1018.06,6
q11941907L,5891.36,5
W17831606Y,4870.08,4
u-1788771U,716.56,4
F-1257166O,1678.7,9
k82740809C,1158.26,4
A13746070T,1131.87,4
E-1356165C,2489.56,2
w-1247670S,5781.02,6
t11173721p,1733.67,5
i-1340626g,2795.67,3
G11530237Q,490.68,8
z-1854947J,4794.82,4
G-1102710u,943.47,7
q-1861373D,979.91,5
F-1720906M,19080.4,0
N-1361542t,4311.55,2
b-1432630h,1072.63,3
h-5381376K,9640.15,5
P-1870462h,6382.65,2
v-9248915k,1037.44,3
K51907129A,5447.62,9
X-1892335q,1028.13,5
v19385068r,2229.25,2
m-9741436p,6296.87,3
I13605989C,2520.95,9
C-1374739x,2225.07,5
h20080273C,555.26,4
g-1944591e,5631.93,7
b17225071g,781.04,7
O13657804w,8077.89,4
V-7306183J,2345.16,2
A56074965v,376.03,0
f19927901y,2004.02,6
a-7058206h,2547.89,0
a55365942d,772.0,6
z-1220018d,1489.35,4
R21058725x,704.89,0
b-2371028p,3168.44,4
G43865383Q,966.5,8
e78313402L,377.34,6
d-6672088A,1524.97,5
b-8415196u,9181.53,8
N18957837j,2908.88,0
v69592222X,4105.05,8
n19871201N,31783.32,3
A-1683178f,3036.86,2
c-1462399e,5037.0,0
C38293729H,2155.75,1
M-4645533N,778.66,7
i22101695X,5551.8,6
c22334367p,3299.04,8
S61532080S,3198.07,0
W-3482364r,9305.48,9
r-1098555x,282.2,5
J-2221564E,3544.37,7
t89744603y,2636.92,3
R22777636m,233.02,3
g95201799l,6589.99,5
b18050488U,386.36,6
C-2187827F,1274.54,8
a-6471303K,7740.95,0
u16335953I,5033.52,2
Z-1478978u,3052.35,5
u-1774078g,1746.95,5
e13179173i,3460.05,6
V-9361538G,453.91,9
C22072062B,3592.08,1
E68314843q,4274.65,4
k88534152q,2066.1,8
q12920406o,1835.49,2
u-1057398c,3386.01,7
s-3746188l,915.14,4
j37934708f,6015.86,7
M-2125716U,1004.81,1
A-6734908O,1605.65,5
f82085811L,4129.3,6
T-1299777v,1368.57,5
i21928776j,680.4,1
y11348057n,3633.4,7
a-1515400J,2120.62,4
S17262804N,2884.94,4
W14795073t,5178.41,0
u-1594350q,2401.26,5
j-1145477E,2803.34,5
a-7125351Z,8529.61,9
C73458374Q,2578.93,3
H42487546s,1108.69,5
f-4873956c,597.76,3
n-2171056h,966.53,3
B18328752a,2832.26,4
N-4929388x,1657.24,3
s-1723833v,9998.15,2
N15139629D,603.71,6
z-3170763V,10765.07,9
w-2294853S,9388.54,1
v13590850L,8368.5,8
N-7018320r,4224.81,6
C-8860661H,622.86,1
e-1657282o,3151.68,4
a-1090366N,4610.46,7
T-1979577d,3921.66,5
T10443943B,1069.05,9
C-7059083l,2038.89,0
V-2775445H,1257.84,9
Y-1359331n,3724.01,5
J-3845561g,5486.06,5
J-1519931T,1334.19,4
w-1534281h,1152.84,6
q25090977a,2394.9,3
P14343623p,2183.01,5
S87921938R,2513.94,7
Z-2503410m,910.23,7
X15138491s,6119.57,9
s12797973g,885.1,9
S-2166867a,2545.48,9
l21968436d,7613.41,6
e48349275H,2744.15,1
J-2076735y,3536.52,3
H73023939E,2778.43,7
N-6929570j,714.66,0
a68025486E,578.13,2
q-4068323Z,1811.75,2
V15348382y,2582.01,4
u14532736a,1050.58,6
V40334761U,6798.54,2
B-2214084P,1886.28,2
q-1404140E,385.37,7
A-3681208u,2820.74,2
E16896376o,4165.23,5
d-2534590I,1759.93,4
S-1965116I,3777.77,8
b-4266665E,373.01,0
I13914989Z,104377.42,0
m47130393l,3164.03,7
Q-7410329X,4970.19,7
d-1297927q,2341.05,8
f-1056352e,696.56,6
u-2070489i,43371.36,4
C16363758Y,637.4,5
i14933910A,3470.39,4
r-1475357U,4448.36,8
X61893871I,1970.79,8
j-1317678J,3194.95,9
B-1975805X,425.96,5
x-7526060y,2778.57,7
v-1386883Q,1298.86,5
A-1463575c,3895.83,2
w-9263433r,1640.48,1
w19872753k,1361.57,6
C-7911141r,3961.67,3
s-1960417S,13642.93,9
a-8546767B,2950.13,0
F93868144g,1041.31,3
T-2012068H,1870.04,4
w38704997k,2512.78,4
R14058273F,1920.5,5
Y-1582411z,7876.67,1
Q14512280H,1448.03,3
S18780622c,3504.3,5
K20448785V,1366.23,5
c95874857y,9907.26,8
g25517695C,5245.79,8
R-1442786V,4461.76,4
g-2283000q,19573.48,0
I-9353552N,957.69,5
n-1751164y,1684.13,2
E-2364794p,3553.83,3
Z10584890Y,681.36,7
r21240148Z,4748.78,9
d13892145k,424.15,7
N10423478l,10025.81,3
X45507052P,2080.47,0
w-1247054B,803.92,6
k-7428263u,509.91,4
I-1834975z,4080.38,0
X21759757Y,6995.37,8
g16808805U,1338.32,1
t15817307U,9697.6,6
K12580160n,1731.07,9
v24501032Z,5098.96,5
r-1234134E,875.84,7
F-4368553P,903.64,5
e19460921k,604.53,6
l60900580P,528.94,8
L-1528963w,672.92,0
h-5894617f,2908.99,0
s-4342091J,1857.19,5
d19132071d,3281.18,0
T17230987N,1069.23,1
y-9963220p,2035.26,1
e47564578c,715.61,2
A-1925405h,2737.5,9
K-1675111t,19927.9,9
H97009055R,2037.83,8
I19047773k,1375.76,1
n-4539806B,1978.9,7
i-1648732d,1197.54,0
e16769908F,3362.7,7
F16255698J,2631.06,4
G62687264j,2309.64,0
o-1192530z,1026.12,8
I-3923390F,2421.42,7
O-4279569M,6596.56,7
H16125822e,2222.54,9
o86542160V,1073.98,7
G13398649k,3141.07,9
a11345005q,38086.11,1
I-1647122N,3311.52,5
j39765515y,860.41,7
s22685968d,5062.14,4
Z-3081671k,3768.63,7
q14945093N,1451.4,3
F72202302t,3694.55,9
l21849080k,429.19,2
s54993523h,2710.48,9
y-1123775i,1118.11,6
M14149808l,3685.74,1
M20404037C,2137.62,0
b-1571829x,1244.31,5
s16958043k,2794.87,1
Y-1266722f,2237.85,9
d10076210Q,2034.85,1
H10820003r,5380.57,8
W10593018G,2656.65,3
s-5287107D,695.22,4
U66280408d,6258.17,7
D-1146124x,9911.58,3
Q-2259244S,515.35,5
D-7559160p,559.04,5
h13839988K,1383.52,8
H72631192M,963.2,1
L-4889905g,1200.35,0
z21607339H,1484.51,4
p-3327570V,530.52,2
g12467053Z,4759.11,5
N21846215c,26970.25,7
i-2453146k,3591.29,4
m20786215a,5488.2,0
n20592045x,1858.85,7
H22026851l,2583.5,8
E51339321G,12075.77,3
k27919049d,833.86,4
c33662054g,873.27,1
S12759270J,6702.48,2
M-1009693J,2673.92,6
H82330164N,2590.83,4
Q-1696362K,2300.15,6
a-1300283K,4911.78,1
f11377802P,14398.94,0
r-4630038Z,8007.87,6
N-1766675j,1680.14,4
D-1038999X,2909.89,0
H-2121225S,2579.09,3
U92034837a,818.3,2
e47878499e,6298.26,3
y15784992m,3613.86,7
Q19568266H,595.62,7
F-1306753r,1425.09,8
g-1001106Y,1100.89,0
e41548122F,2745.91,6
d-1191791F,4573.05,5
a-3508437r,8987.01,2
n10768003a,3282.11,5
V-1058917A,10160.54,1
G-1064210J,3304.79,3
b37898483B,2603.85,3
W-1942072H,1980.81,5
U11089784O,4067.4,1
o17364992e,2110.27,0
w10076088n,4294.57,0
C-2006279f,12707.49,5
E39641246E,3354.85,4
z14099268L,9356.08,5
V-1025313d,731.97,3
K20554631n,4671.8,3
F51416137Z,3000.12,1
b-3264280n,5340.27,5
D22362642k,5559.21,8
q-1916829q,1176.06,2
K-3971663p,1519.52,0
A-3756325r,1682.28,9
t50494237j,3255.98,9
O-1799431p,2492.43,8
R13692872e,2770.76,8
C12335518x,1797.88,2
F19492836W,563.03,8
X-1992655I,29919.12,7
l10472079P,979.09,4
O-4874952L,1605.54,3
R-7424780C,16281.76,6
m17609944Y,3584.5,2
i-4390733F,20240.13,0
W-1301331r,462.9,7
M50269450O,1693.46,0
I17502941F,3231.77,3
v-9234388J,1640.61,4
I16979704r,1372.22,1
s16218530z,938.3,6
k-1405918G,424.12,7
d-7352777o,2793.51,3
l61851567T,5533.75,2
j-2201624B,1834.64,5
n11802717C,759.32,8
j17565618E,2976.7,7
k16623645q,1353.88,8
b14467388K,6804.57,1
W-6742818R,3491.5,7
u22457924s,1008.71,3
t18723800A,4582.13,8
v-7054365O,5535.82,1
z-1602998Z,3086.13,1
x-3347185z,2413.13,2
n-5767544o,5330.54,4
e63361984l,2434.68,6
Y54367590b,6823.61,2
y11935658q,12121.91,6
r12380190C,2192.59,5
k19526508X,6668.99,4
v53440686O,1985.27,9
P-8697515N,3404.81,4
A-1737634s,6739.19,3
m-3564148V,4417.48,7
p22837387w,356.74,0
l34820395K,3362.86,7
y-2198122N,4697.69,2
T-1279192Y,3481.53,2
n-8990441z,963.38,3
P16794241p,6871.46,3
t73149868J,2950.32,5
j-7040669b,756.0,5
U22436282H,6089.88,7
p79405056U,1429.48,2
m-1601301c,3212.48,1
X72181201T,1453.47,2
t-9455268R,528.56,9
C-1104155H,688.06,7
U16248458j,350.91,1
S-4120469L,5733.37,2
n-1232719B,1905.8,0
S18963318k,639.22,7
G-2226752k,19972.34,7
k93390324e,1316.74,9
V-1918392R,4134.03,8
N17803792H,4251.21,6
A32458478u,5632.55,8
R-1710572o,1425.11,4
p81265760I,827.74,5
v-1155372j,2401.65,0
z73688663a,3007.92,6
X-1036784d,1139.86,5
r-1281369M,343.38,9
e-2751485D,2841.29,1
Q-1670265e,4266.28,7
v-1937023k,1616.25,9
l20591979C,666.24,6
c50744646N,2518.2,3
P13663597M,6202.38,6
Q11996423R,1018.05,6
p33048720U,3943.2,2
W17327191z,2274.52,2
X27634860c,430.05,7
h11151569D,2215.36,2
w13862354L,3011.99,6
G-1225214b,1509.94,5
A-1049127W,2285.76,5
B-1232981t,3724.97,4
m70682170q,1333.94,9
K-1744621w,2879.41,5
V43499402t,13585.1,6
f-2278263a,1051.78,2
g-6471498I,7788.92,8
i-3205593N,1230.03,1
l65240349Z,1915.9,5
L-2024330N,6951.18,3
c20826490j,1795.15,0
c-1675806d,871.17,1
Q-2037054s,2059.42,3
i-8030392l,6337.5,1
H56874337I,5229.91,5
l-2088564B,1800.96,7
g-1503076Q,2428.63,5
z22851238e,1046.84,5
I-7566385U,2067.98,1
Z16147645X,479.26,8
r-1558153U,4620.18,2
o-9448236d,2117.31,7
m17658099N,4019.58,9
q-1536726P,2548.51,7
v-1736895l,1534.49,7
H-1807268T,1854.95,6
n-1768418D,627.69,1
k55997232L,1037.57,2
L-2169697n,1644.27,1
E-5768743C,5459.41,1
s-4094631m,2664.77,7
V20793549R,5161.66,0
g11868644O,1988.28,0
k50823429c,2593.12,7
T-5659136s,6603.34,6
Y17601105t,2296.14,5
c60273416t,1081.18,9
t21606510Y,3406.13,2
R88159240t,1398.27,9
L21442805h,3379.23,3
u-2025209s,28351.07,5
I97024995K,1678.11,5
P95971972i,1929.67,3
P10296494R,3178.55,9
o-1588203t,2068.4,6
S-1915237T,2368.78,7
u-1715408i,2191.24,2
P-7445835e,360.69,3
Z-3125529h,387.82,6
C-1198893D,561.2,3
u-1140095Q,3149.74,4
I-8039148a,7722.61,2
C23250927C,8436.2,8
i36367577X,5117.6,0
J-1264842C,7244.64,3
X-1729593v,8110.79,9
W18935144W,2358.04,3
c-5615180M,9183.1,3
a-1993580l,4380.17,4
l20015000O,2276.07,1
t-1890179i,2619.56,9
r-2150771s,446.72,5
b-8006722p,2339.59,5
h-1013836h,680.18,5
O15208534I,3207.62,3
a-2094929a,19677.24,4
z-1514384W,1196.44,0
s-1243339h,73135.2,6
Z-1691162B,7570.0,6
P-1412506Z,6376.75,3
I77886789f,1402.9,5
e89496897S,556.35,3
H-2061992E,12925.74,6
r12485993Y,764.4,9
h-4055905a,1609.3,7
g66229611W,2153.02,8
t-5576466l,8002.15,9
O13566304w,656.52,9
M-1459552x,2309.16,7
t18819186j,7076.67,4
b-6894725S,2814.7,5
U-1517611e,1897.68,9
f-1766985X,14704.34,6
r-4232284g,5111.42,7
u-7756149A,5681.75,1
x-5093569t,6352.52,8
i-1106718P,97699.24,9
m19179340R,3868.55,4
p-8676887s,951.42,2
O21645254m,2874.12,3
F18814121v,2811.57,3
M-1529406d,408.04,1
S-1051984S,3513.39,8
v10745703c,6264.27,1
l57128172Q,570.25,4
Z-7997184C,1230.84,5
z86911952C,1123.69,6
n-3242143c,807.77,6
I29523102L,463.84,7
g-7424670L,27943.93,4
z45708153c,1575.27,0
P-1980717v,3382.4,0
O-2198733k,2023.08,8
j21765409E,5070.22,0
P-2832417U,5136.8,4
S11905138M,1420.91,6
V21472170q,1169.92,6
F-5640696g,1453.94,3
i10103684i,2719.76,2
L13493904m,2685.41,6
S17718285e,1698.28,8
W-2201967O,7840.51,4
G36366245G,1485.84,5
k-1039028Y,1189.63,0
d-2008716O,6147.29,1
x-1299683h,2573.42,2
r95144569S,542.73,5
v19098891O,1899.35,4
l-5953507c,3024.11,5
W-1211129e,3924.24,5
f18094807B,3298.2,0
W78003964P,3300.7,7
X-1621523j,2199.52,5
V-1546513V,2694.1,3
F-8586878o,4778.91,7
U55413283u,2247.72,5
G60874546x,1655.51,2
j-3298639y,2775.62,9
a-2231592K,2678.18,3
u20900113b,2223.3,6
t41251369W,5777.21,0
J-2227260C,393.62,2
B23940306W,9264.56,7
P10250273P,2895.08,8
r22736648k,4922.98,8
c46100183j,5130.8,5
G62087174h,6077.75,4
q-5999331f,415.28,6
i13348473C,985.76,3
L22673753u,685.56,7
c18052201Q,8634.2,3
A-1784046i,1383.86,2
i93529341g,3753.68,9
p22304025u,515.08,6
m-4969495i,1796.24,2
E-4032546h,4281.8,5
t-1355401k,3486.52,2
I47101924n,2534.53,5
z-1297205A,785.01,8
b15966462n,856.13,0
R-1683951Y,5458.97,1
O23711712l,7024.39,8
f-1250190O,1357.9,8
B-8541235p,2303.09,4
A20603057e,5147.14,2
r89880873T,4800.24,7
T-8925134M,332.63,1
V-9725752D,6626.88,1
s19895093b,1068.37,5
x58256990o,5760.11,9
l-1554787I,8584.18,1
b-2065373n,3965.95,2
U20118110o,1773.32,8
f17295371z,466.01,9
H-3434345i,747.87,4
c-1038656M,6438.62,7
b-3993593n,2166.25,0
A-4064758I,591.68,9
p-1862043f,5424.64,2
n-3147237F,3122.77,4
L18676057l,4654.14,1
v77404713z,7941.56,4
h-2382400T,5027.24,7
j-3753181u,848.68,0
m-1806910Q,365.72,9
N-1293747R,2932.93,4
H-1213278K,1302.3,0
k-1284276t,4686.81,7
w-4839718z,2041.62,5
L11781730e,6745.3,7
X25302782p,11819.02,7
l-4285389z,618.38,2
A-2110919g,2472.09,4
B28690472s,5077.28,0
b-2278301E,5350.26,1
n-9660895o,5045.1,9
I92805218s,5577.23,0
F14265516N,4403.46,5
J38284226P,26126.23,7
f11975477T,7866.5,4
p71128508c,1520.22,0
T19870933B,6867.58,9
L-2146603e,8742.95,9
G13349292r,550.61,9
c-4737890p,4166.7,7
S15627573c,1355.48,1
X83844922n,4334.85,7
y19652944A,3475.91,0
N-4842662w,347.21,4
W-1949796N,1417.71,2
u71964968t,8160.35,2
D46039134C,1923.01,4
F11676889s,5556.9,8
R-6844153a,713.98,5
n95681185i,851.06,6
y53052788O,2166.73,7
e17156131L,2318.31,1
I20900258y,627.06,3
o87681914x,5807.08,0
Q-5554551x,3870.32,0
l-1607581F,2472.96,0
a-9339461G,802.37,2
n28625799A,2106.98,6
N21890923Q,1791.74,8
g-1957069S,4170.06,7
e-5741942D,6967.12,9
y12023699E,793.22,6
Y-8852975t,9493.08,9
L-2247718T,838.72,0
N19589603r,1555.38,8
d37118079d,1113.79,4
s47589001I,704.23,4
y-1806571O,1397.87,1
L16050992t,6453.65,0
m-4274263Z,2131.2,1
s33927254Y,783.89,5
g19494953p,1362.6,5
Y-4198316J,8515.04,4
a-7282370E,830.39,2
z16068145k,4915.25,3
d-4629986a,4129.52,9
Q35379022F,1944.03,6
r10613305A,945.2,2
N23006473B,1756.14,1
m-2019578o,1486.35,7
W86413939q,2184.81,7
o-1093440v,13209.56,2
S-1468454C,1225.1,0
b-1081111P,912.7,1
H10062346p,21729.19,3
N-5708757B,1315.4,5
b-7098808D,567.32,9
M-4627743Y,2020.53,8
s-1392305F,2551.39,3
z67141488o,266.44,6
z-8891400p,549.37,8
z-5687636M,6452.72,5
K-1514397X,2108.35,6
U57863590w,5141.59,8
M49274481G,4082.35,2
a11122197a,1617.68,2
b15256546L,5671.77,0
B11239506t,4486.31,3
l-1337696j,1591.7,0
q-6650729Y,766.89,1
B17720677C,1034.92,3
s21770212W,3279.72,5
x30389932l,954.94,8
B15081492o,1129.56,5
O51808760A,1618.81,6
l62738348Q,6078.88,0
v-6614004H,3763.61,2
c21762167i,5441.45,2
B16746018u,1784.55,8
T-2093464U,675.38,6
t11315883F,2503.67,0
I-2073229s,14865.38,1
r-7396117p,9069.27,4
t-1412384s,390.32,7
E-2041030F,939.98,9
q-1744366u,2037.44,4
E17823137X,3653.3,1
n34490222d,3286.13,5
k20675157L,4566.73,5
x-1548714k,6011.43,1
A14861843I,6785.35,8
H-1457815L,1743.65,5
R-1948335X,5259.05,0
C20191765o,4030.32,7
R16773550u,1094.49,0
f18945419X,2183.41,7
z-3485115T,740.13,9
C-4073157k,665.15,6
u21310295q,2557.31,0
N-9781014K,2735.11,9
t22511448x,1171.54,5
T-4883335x,907.47,6
q12245711E,4411.01,8
B-6461335O,967.13,7
q15170801B,4627.18,9
W18060288Q,2329.86,1
b21711455K,1084.06,8
j20079629P,632.72,3
C11747534v,5140.66,5
M58894937r,1332.38,6
A11922887f,1489.77,3
n12377024x,8485.62,5
L-1227525r,6198.67,2
i-1095441d,1473.73,3
c12597990Y,2080.64,8
Q86719011p,1164.98,1
S-7961176I,932.07,5
i-2288384f,15563.74,3
U16614632F,2012.52,7
U-7130411Q,19089.59,0
q22813846g,245.57,3
i-7530121C,1932.7,9
g-1991724F,2071.28,2
P12661886a,1774.05,3
j-2223695S,2113.41,7
B-2081255O,6275.44,6
H97221372X,3392.01,2
O-2020503H,4471.78,8
G15670643N,2074.89,9
M-1335244r,1513.39,8
c53045565g,50529.51,2
Q19862548Q,1406.85,4
x24297410X,1155.33,3
n-2248103n,2714.32,2
J-1564265f,6354.47,1
z-8396890u,2657.97,0
S-1235434W,6741.32,3
W-7286692g,3546.93,6
l-1076081s,1811.66,3
s13888728i,1874.62,0
f-1599161k,731.87,7
k13011549U,2327.98,5
v13208941X,4698.21,0
b-1380770L,1194.32,2
X22359217a,2638.71,1
C50359433E,1285.94,8
v22254568R,3814.66,3
l13884760f,1545.72,4
W17936165j,1075.5,9
S-3511294t,1438.35,2
j58227834T,4580.67,3
z40790936m,560.3,8
k14397227n,1106.57,6
X62303511v,715.52,4
B-1561363P,858.13,7
i47017449U,592.02,4
Z17281512s,3055.21,0
O-1267999T,3777.05,5
p87595615V,1806.72,2
d21839434m,3355.03,6
t11042597E,895.5,3
n16260385q,3635.87,7
R-1126472L,2488.6,1
W-9477259M,2775.54,2
F-6369826L,2685.76,9
y10620904U,2257.92,5
Z76775340d,278.39,2
d-1139767Q,3828.78,9
C-1370961Z,19358.32,5
A-6054905F,7207.59,8
C-6638042h,1740.89,5
o88568317p,2204.23,7
Q15313356b,2218.48,5
W10497593m,1912.61,3
o-1891967P,4134.63,3
p22237238Z,3851.45,0
a41280148k,3979.79,8
R49036294u,682.71,2
z-4833684R,471.43,3
K20525629B,1806.57,1
v95100302y,2421.49,5
S-8715402c,10670.01,5
H15588497J,3436.64,5
L94218328d,1216.82,8
j55128828K,7120.68,4
I-9335565Q,1629.63,2
M19182860m,1987.36,2
m-2205063P,8129.61,6
e12051793m,1515.43,7
Z60523911N,2131.38,6
I-1072340c,5257.46,0
K-2460692D,1500.31,8
q-9818488o,1185.38,3
M-1351643L,2895.71,0
a15168936c,594.84,3
P-8016178d,3929.34,5
I-5434170l,985.97,9
L10152680W,1343.89,4
J-1648795r,846.93,3
p-7109749V,10025.01,2
g-1247997Z,5481.03,1
I-5970052e,7377.27,5
v-1935966T,3590.54,2
M95466176u,1675.86,1
x94067365b,824.57,2
f-1498735Z,1424.77,3
N-1305225x,765.0,4
y-2171969q,3266.16,3
c17052193e,2431.53,4
b-1872358o,648.09,1
o90119190V,2385.59,6
u-5484227S,1460.49,4
u82752427P,375.82,5
o16230080f,2564.66,2
m-2245548R,1016.78,3
w10201905w,2836.6,1
T-2189506b,2488.36,9
Z-1361289G,2611.87,9
Y22302267X,2153.34,6
l-1026528H,775.38,8
H-2757468E,4155.24,8
N-2240902Z,1149.64,1
x13730258P,1397.73,7
h12427301o,5081.19,4
I-2834874F,563.67,6
N89944460U,2949.58,7
j-1712772o,3746.32,4
c19881313A,1990.13,6
Q-6918324o,649.53,6
D-1543108f,8259.44,8
T-7607561S,1822.43,8
K-1703648s,8225.48,5
t97882515C,7229.2,3
B-1223366j,6835.97,0
e78136849E,4823.75,9
r-3130013n,1822.99,7
S-3888121i,2781.99,1
v13412057i,1474.8,1
w15600381D,4239.08,1
i98744677i,3284.52,3
a35746775Z,3615.41,8
I30300326i,2033.19,7
L-3013668o,6634.1,3
D22902572P,2193.54,7
h-1083202b,4687.05,4
m-1912665m,3064.39,0
t54756416j,1928.03,1
T20363976m,2701.84,9
p81056764h,1316.13,2
I15203455u,1305.13,5
U18148584e,1971.89,7
i-1445700R,2198.22,4
n-2162898E,2536.22,5
v-2280326L,1878.96,8
B54175025n,3376.09,5
a-1388740X,1255.57,9
Q72167569Z,2129.45,0
e10663028u,3508.14,2
G-8756627H,432.65,0
I14406288e,516.15,8
r-9097768K,3089.26,8
Y-3787995U,312.22,9
o-2324110V,6202.53,1
F18164143O,1918.01,8
a-2243028s,5965.01,9
S-1740592Q,1344.32,9
b-2298403w,8135.19,1
B17440481q,2477.28,5
p-1820938A,4621.78,4
d-4762711Z,5425.75,4
d-1979148g,2869.82,8
J22534308x,9347.99,0
u-1504120V,1402.82,7
k74625649K,3725.64,9
y16050355z,582.78,3
d-2225751Z,2872.06,8
o-2922285t,4784.9,3
Q21021305o,4127.35,6
h-6813015B,973.81,1
L-1496694j,3142.24,2
V-1623563U,2411.71,6
D-2134856N,1185.38,7
O-3249507n,2270.64,4
P-8581853M,7025.66,0
p10765484c,2890.96,2
a-5976169f,2640.64,0
H-4871785P,691.07,9
H83423387a,979.1,1
g18985198o,2435.25,3
f-1368188Z,3250.71,1
k-2273981K,4057.33,5
n81763737L,4001.23,4
c-1171224N,6701.44,3
K-2042834N,4971.66,6
A-7704231e,5001.61,0
T-2809069O,1088.58,2
e-2200514f,2504.14,2
J-1137633W,698.99,4
T17971896t,1866.12,7
z10430541i,5608.1,8
o-9505235X,4375.99,2
Z56694596c,4522.86,6
u-2290162o,453.05,3
E-5303502D,473.91,4
R50675613t,2396.56,8
H-1289656m,7349.62,1
O-1576355d,2187.97,9
U-6362584Q,1466.59,6
B-8479157Q,4901.32,9
h16559760t,1117.69,8
o-1530462a,2286.9,3
Q70371595z,660.89,2
v11386552i,593.32,0
A-8582359Y,6100.22,2
m-1142531u,12862.0,1
w21325307E,5819.21,0
P-8788464u,3707.07,9
Y11984874C,536.86,0
I-2085485K,1817.16,7
p-1607435n,2463.72,8
v-7267042G,5234.43,4
X-5337958G,2318.69,3
T14802622s,9463.11,1
k-6591744D,1984.6,9
z-2033330g,7499.1,1
o18752959g,323.62,1
t11356436u,1797.44,9
V-2169580X,500.78,1
R89114665D,391.27,0
F15011099W,2265.75,0
T22451402g,1047.86,0
t61975264x,2367.95,8
X-1055263h,4510.42,7
B-1276447I,1549.02,2
F57559229C,1116.58,7
s-5093199D,6155.62,9
B-1571885y,661.08,8
e14382410l,476.43,1
c-1538833m,1846.96,1
G-1242522V,5458.11,5
z52651957L,5486.4,6
R15749283D,679.32,7
Z-7340686v,2325.36,5
X13250656u,2326.99,6
b-1016644U,1959.46,1
e-9324711M,5554.7,7
S-1099304I,4086.1,9
A-1956639b,6554.17,4
X-8191999r,4277.17,3
g83089172g,2282.85,6
m-1402552y,2195.87,0
G-2990262b,6290.37,8
p97508110p,3198.64,8
O-9487423J,1203.12,1
o21208881t,10173.86,4
m-1655829f,1303.88,8
s-1795135b,3828.38,5
X10754765V,1385.18,8
q-1010002z,561.72,6
C-1546256l,14248.67,5
x80611394y,4240.83,6
x-1155940j,6627.12,1
y17958394w,2118.86,8
w75295475d,354.88,5
a-4209036O,808.08,5
z-1424722R,4153.05,4
e88950408e,7610.63,8
z-1104831H,383.63,2
E86045670c,2416.25,7
v88691914J,1359.17,0
d-6273123g,15164.56,2
I-5675626j,1210.64,0
K91014117o,11187.83,7
r18501621n,3020.34,6
A-2157802N,1503.44,2
f55908334b,3482.99,7
L13979610h,372.72,0
x38201050e,3580.07,9
L86038163R,5023.73,0
H-1751594v,3853.14,6
r-2079936x,1978.91,5
K-2275807Z,521.57,4
N29840074e,776.08,4
U-2283333k,644.67,7
f21333384S,964.92,9
p-1229769J,1141.24,9
r-5540835r,8656.35,7
R-2878244Q,1671.83,4
a51887682f,2603.71,6
Y74292605C,844.41,3
K-4627145s,5062.29,5
K-9436185H,928.07,0
h90156916h,4166.44,1
a-1946557R,3124.7,3
W-3891859t,5641.13,5
E-7802767l,2168.68,9
M-2277769E,1025.49,2
u19642552o,15640.34,3
x98858599X,3713.98,7
b53350458l,1851.45,4
U13465352s,2906.17,2
m22143297y,7877.22,1
J20243122o,1893.84,3
l-9821804Q,5539.72,3
s73940471Q,867.69,8
t-2297441l,4751.76,1
q12145655O,1205.3,2
b-2599382m,3559.17,6
v-1299369C,4100.66,2
B43377576R,1516.2,1
j18433975f,9512.59,4
r12315595Q,1755.48,9
z55650126E,2612.21,7
f76040339F,1017.4,8
P-1722143i,2516.08,5
i-1260000J,1129.4,6
j19148530u,3907.39,1
f22138231E,4523.22,2
V83870783w,3246.16,9
O-8288025e,1104.8,7
p-1854885f,1643.21,7
J-7902945N,2632.95,4
G12472145Q,782.77,9
k11261165S,2123.77,6
l-1737033R,4077.65,1
m17424608q,1419.19,3
W10552458N,5671.41,4
L-1525462q,2027.98,4
z17317811F,3486.85,6
g17604731B,422.91,7
j-9417716z,852.99,4
F-8081733V,634.76,1
V34635115U,9358.19,6
u21716903G,788.63,4
B44457813K,1364.12,8
Z95207161f,1726.97,0
V-1791691i,1588.78,6
T13929401h,2688.89,1
c10078355B,2448.78,0
k53527360z,1425.79,6
j47860209v,4392.91,5
L-4359316J,2003.5,4
C-1282139K,6436.72,2
V18494938a,748.94,2
i15507571c,1695.47,7
m-1183503n,4099.73,1
i-4948425K,4701.79,6
b-8098670o,872.95,5
k-2063559v,2114.12,2
W-9736867F,713.63,8
F-1617117u,4210.98,0
Z-1215607M,1047.03,8
K17948343e,839.89,6
s22711570h,4475.54,0
E-9772567U,4739.58,2
p22438429U,2129.51,1
B-6025126p,7816.35,3
d-2973997T,3534.55,2
s17922461E,3518.93,7
D-1872183T,1742.76,5
x15885063C,4263.69,2
G-2033856I,5361.27,8
p-2709288d,1289.78,4
B22876755u,1632.7,5
O19079001s,1075.48,2
R-7985955b,462.39,9
P-1455215x,1032.44,1
b-2020563x,1272.52,9
k-1116393U,8209.56,5
t10480222N,1836.0,0
N-1173416G,1871.23,4
p45485968r,1267.92,4
w-7960339R,1215.79,4
q19295660b,3396.27,2
e10695158w,1535.77,7
d-3096262i,5222.6,9
K65157128T,1375.17,7
f15758729f,2484.84,2
t-6744951h,6503.22,4
Z64841412z,3029.06,6
q14218693U,2014.13,2
i65206392I,1035.2,0
Z16324825g,3872.25,0
e58896117T,574.68,0
K-1677124d,6964.35,5
b35718807I,3345.04,6
V97485328d,335.53,2
R-2824741Q,492.69,6
M-2130010I,9794.88,1
N10159439v,3107.26,5
F45462936z,3431.93,5
p-1518592V,3864.31,9
X-2494579Q,2984.87,6
e46251116n,1702.84,8
v-9957846B,3896.62,5
u19644523F,22819.14,6
T13028640g,5805.09,2
G-1964724b,532.91,8
m16859646c,10991.28,8
d-1391916M,887.71,6
i-6370435c,2168.45,9
T12624719o,1906.49,3
B11921379d,12801.72,7
a67229154g,716.02,1
u14638117A,1555.51,3
L-6802285d,998.17,9
s-1372033F,5324.9,3
x53768772i,2168.34,1
v22019991n,5618.58,2
g88678216g,691.12,0
b-7314701z,3249.49,2
N-2930071J,1281.01,0
W-2145474K,658.96,8
d-2251789J,5276.19,8
S-1907504N,4964.62,9
e-5805562W,363.43,3
N44849090k,44195.25,0
I13538939n,7003.36,2
x-6241530r,2739.74,3
N-1337765t,30973.17,0
n10482164t,3468.48,6
q78677693j,1457.56,7
N32430719L,8355.58,3
p-8718312x,543.21,9
T-1931494b,400.56,5
y35238235q,2079.07,9
F13192545Q,2857.16,1
W18403556e,2860.24,3
M82843835N,796.62,6
s13606781f,1400.88,8
t-2138235v,1023.98,0
S16342495w,687.9,4
W-2042458Y,20638.71,1
c11505078D,1990.39,1
h-1488746F,2143.64,7
t67883849F,2561.06,2
m14751349G,13398.63,4
L-2236074w,1649.67,0
Q22604154e,243.69,8
I-1499320U,2680.09,8
w-2107765l,1588.04,8
M-4256527V,1481.43,0
V14377897W,8355.79,4
r-1938611y,2511.3,7
c-8145167j,2243.56,7
B91129852I,585.12,2
M37487017a,2098.84,4
z-2004787O,2072.99,0
l-1645080P,1757.79,9
V46220162X,35370.5,5
v84995071C,4297.8,4
H19405674G,465.9,4
O22899655s,475.41,9
Q13439225z,721.89,7
h-1050982E,951.46,2
P74322315x,4243.2,9
R15925847J,2225.95,8
z-1765070X,3486.77,6
w-1029280i,2004.86,4
z-1923449T,2336.52,8
O20152474b,2105.58,9
d-1150959l,311.34,8
E16848552h,2480.94,8
g15598327l,3083.84,9
R14260142p,15183.06,7
H-4546747T,3093.5,0
f-1148428g,2081.24,9
T-1017836m,529.53,4
g-2265044F,3784.44,2
j18260546M,2439.59,5
B-9426058n,2207.52,0
r-4084524U,1671.97,7
L-5326583i,35249.66,3
I-1760030m,726.8,1
c-1205079o,1425.22,1
s-1194174G,3362.14,8
z11424698a,2082.07,4
u12808660Q,3412.2,3
q14308699p,1328.48,7
h14275703Y,749.26,7
f21537042p,1208.75,3
w-1541101s,2460.45,4
D85554326y,7186.29,6
v19622542w,3326.59,2
g15134858G,3341.69,0
T-1971816y,6898.5,3
C-9596685X,3886.24,0
b-1448976u,2183.59,7
T20813001U,8585.28,3
N-1202466T,933.53,4
A-1228282M,3861.48,4
I-4541478k,998.54,1
C72529736J,1825.35,5
u-1444692P,635.25,1
D16135750H,409.82,2
K-1436228o,3568.99,3
i-7847314g,4604.01,9
z-1432906b,1789.34,4
a59990556c,1227.34,7
N96513993C,3875.07,9
i-1870741R,1726.82,9
s-1843132u,5843.37,8
o-1115986v,432.04,7
t38578752d,6793.45,6
C10051284I,2083.75,1
l13569942Y,44222.43,7
h-2041660O,3190.02,7
z-1435869q,4147.9,4
T-5519773T,481.93,7
O-5485697r,2181.77,2
P-1558274R,5802.07,6
x-2038594x,941.16,9
D-6990841m,3193.62,7
A65531464N,1440.3,2
o77710485U,4978.64,3
Z19095231c,1074.72,7
T10888967t,992.36,6
p-2255017N,2233.89,9
q-1756523i,2195.1,8
Y-6535925G,707.24,0
k26646728S,1916.11,3
E10817164G,1314.81,4
i99098791Y,2334.42,1
x78013621Q,1313.13,9
v72063519l,842.59,7
G-1501447C,22636.59,6
J11325795N,6140.92,3
Z21101596H,1297.35,6
J-1113742S,3857.87,2
z66178432L,974.02,1
Z-5687556v,1113.0,6
t16803701q,864.61,4
O62055401u,517.05,0
g-1993142v,6876.38,5
b-1419953q,5846.05,9
g20755268p,5675.65,0
J-1674693O,9221.41,4
y-4433197h,8431.0,1
q13192264P,5241.01,8
Y77058654W,1203.49,1
A-2296917r,5115.47,5
O-2688441F,11247.94,5
F36891838q,4769.71,1
M20797256F,7980.02,2
o14161849i,1943.62,8
L14463305V,1632.04,5
d-1069476v,5776.63,4
A18130070W,3953.61,6
N48891421Y,1086.4,4
r-3882229P,3501.59,1
k-1148512o,6668.45,9
K19117294v,975.43,3
R-9698903l,606.64,3
n18568803d,947.8,8
u18380175j,2005.08,7
v48821525w,885.96,6
R-1929076H,2447.31,2
R14565987z,4744.72,8
j-2092568x,2077.22,9
S45472418H,652.62,8
d15211601W,1702.6,6
q48434550h,6721.09,0
S24664424B,3341.64,8
z91353693Z,538.37,1
d-1078291X,2591.23,5
y-2155004p,530.79,8
f11749417l,876.4,8
h66939763B,2268.61,7
d16236969s,2821.92,9
p25512710L,3916.81,3
F37580132V,938.12,6
l-4067739z,3206.94,4
o-2117199c,8118.79,0
w12773963K,2526.36,1
C12905383w,1316.09,3
m27367092i,1074.4,6
v-2285960e,1333.88,7
k49230827x,3397.61,5
A19264202q,679.63,7
x-1917627k,3803.05,5
v34523863p,974.36,3
L18993999w,3346.69,9
x27866622h,2967.62,8
f-1853653Z,3279.68,5
R-1884707W,1851.31,2
i17810499T,1661.95,7
W78299212w,2328.32,2
w14433777p,3797.84,1
H11593230U,2007.91,1
h15130253D,8421.58,4
X11054176S,1255.23,7
Z-8446585u,3659.17,8
L12738838U,395.09,9
M13557782G,25715.43,9
f78630029r,14804.61,5
O-9483543e,639.18,1
h-5517689I,1389.69,7
I29670539p,6063.1,5
u-1562836u,2933.45,5
f-1256567w,882.65,7
d-1499264O,6980.78,5
k-9974810a,3633.87,5
I58543255u,360.83,4
J-4114552o,6611.46,7
v-1348159h,976.42,7
o-4164928U,1108.65,2
H44042475h,4807.43,5
W67288330r,256.84,0
o12808130Q,502.32,1
M-6381482U,425.99,0
u-1483442N,18716.58,1
S50025102C,2397.58,7
w-3920980N,8079.62,0
Q12332938h,5363.14,7
j-2299409Z,1890.97,1
K11706281f,3402.26,6
O-2486036j,5233.92,4
t-8810902I,1720.43,9
h20475534X,975.12,3
q-2262220H,3456.76,5
V86791015e,2868.97,0
k-4177928A,3826.45,3
i12582651H,3186.98,5
D-8879476a,5099.18,9
A-4388746k,1732.31,9
v10840367M,3529.05,4
T69253406y,3959.91,6
C17218196q,1338.54,3
Y22725587G,575.54,7
D-1297931h,959.77,7
o-3452756G,7786.76,9
o-3097493N,837.57,1
U-1111974C,3484.57,8
Y-1175573T,1817.65,1
R-1348537L,4096.04,5
G-6080211i,11765.82,7
N18096525X,1857.81,6
Z-1507790Z,5207.24,3
n20176674t,6006.18,7
a22370652k,1018.67,8
y-1494852A,1929.84,8
n-9327549l,295.58,8
I20629724K,3375.63,1
P33310269L,3941.69,0
D-2197400i,993.45,0
o-1745163l,7966.08,0
V96754329h,3685.08,1
Y17319354d,8440.01,1
k11526558b,496.26,5
T-9114355z,2717.01,5
W-1538165q,10451.34,6
P86492880m,1723.95,6
a56690336a,2439.53,1
d49016497x,1550.3,8
p17927557N,242.22,4
f-1833647Q,5076.19,0
G-5802745y,844.49,4
n72821280e,862.89,0
I14877267r,3291.79,7
n19095522k,2039.11,5
M16247717Y,3064.75,5
K94908453V,2439.22,0
C-1615695X,2408.44,2
k25002330L,34915.98,0
K23027223e,3788.94,7
e-2141689x,2377.67,1
i-2296057M,4361.76,4
j10329551Q,1406.9,3
U43132093r,5181.24,0
P22362100d,2507.84,0
q11710186w,4278.82,0
u-1256596i,1136.52,0
b-1441595E,3553.65,4
C88130543S,3029.94,0
k-2258315m,4381.56,6
u-8880366u,3273.75,0
L73176899o,4819.4,1
j10534290W,529.27,1
W-1261565K,6843.31,6
f21748487q,3363.31,1
N-3700375g,8101.48,5
W11094351T,656.07,9
e-1632869f,7309.87,1
A-7245140H,1667.31,5
a38819194R,892.57,3
D88344444z,10885.07,1
E-2196240r,1227.56,3
P58511672r,1166.93,1
U19913900a,1798.85,8
X88728094G,1319.76,3
K14458511K,605.53,3
d-3934635Q,1504.53,4
S-8631452Q,3527.38,8
Q58926665G,1968.53,9
W-1652862N,951.77,4
X18004949I,2998.79,7
E-4467489A,616.7,2
p15480858O,1805.76,5
e64842741d,3309.95,5
f-6608406e,8506.96,7
f-1958284u,6438.71,9
I-5997907e,923.78,7
A-1079539w,2674.5,2
G-1995566F,2352.1,2
o25113856w,1608.03,3
Z-6848638K,3868.5,8
L-8838271K,2580.1,4
S16201816J,3061.37,6
W-5465085u,9848.78,2
i-1727733j,3736.25,9
I-2277221J,411.76,4
J12910153n,918.07,2
N76275408I,2049.76,3
t11302884D,834.19,7
R-2936061K,16164.82,5
v-1922740b,9040.43,9
m22595960l,3761.92,9
m-1081136r,8003.39,7
T-4791409E,840.4,9
H22874195d,467.08,4
C13109091o,7073.6,7
h14762717O,1193.09,7
M-1111680h,9751.41,2
f-1640048B,3553.42,3
C-1072482Q,341.89,7
R63811585p,898.87,7
d-1051262p,1003.22,1
i11748425a,2811.94,1
a97165984P,2386.96,4
P20515953Y,1759.16,2
M-1963958p,465.83,9
o21869800I,2457.85,1
t87727056H,8576.36,7
k21821329d,2942.87,7
e-1793470V,854.53,3
U-6122657S,1331.55,4
N41647899e,3088.21,0
N22527355E,2154.37,4
H17549143D,1661.32,8
h-2128254A,1823.74,1
e11547536L,976.12,9
y-3814795q,1498.65,0
V12462480t,4259.42,4
p22133368b,72270.26,2
M-1786506l,982.18,5
E-1192475T,2056.93,6
E11949860p,2409.97,6
h-2096845p,3960.05,5
G17430753s,4622.74,9
w-5388022o,3405.32,5
B25854093d,458.06,2
Z69629123S,4232.08,6
h-1428946I,726.05,5
S-1358921N,7916.74,1
Z60401723J,2672.71,1
s18901076N,7024.47,6
V-1176448O,1809.22,3
j26265780j,2606.62,0
r48172718A,908.63,3
d-8002745O,3550.91,0
q-1487182h,639.77,0
D-8569809Z,1723.61,9
v-1780358c,21268.97,6
I-1820859i,1853.24,0
q22680253Z,10241.98,1
E-1232264m,9477.69,5
Z12282683t,5829.17,1
w-4694330w,4428.69,6
u41475684g,946.0,8
v22877971A,10847.7,0
U-1810601i,1667.72,3
f-1733732O,454.62,5
T89595628a,1692.7,4
Z-2109687y,634.33,4
r21497854N,1929.52,0
U59594722h,3953.7,8
v-9816729Z,1563.47,8
h-1856871O,13956.27,7
r66547692x,3162.2,8
H22956801B,2897.36,2
E-1030575F,514.94,0
K14620940o,1281.51,9
M65548078V,2468.94,4
N-1726327i,4038.63,5
w-1247066y,3853.37,1
g42249929i,1009.61,2
a20879753i,568.37,7
R-1015571o,1982.95,5
D18873569A,2905.43,1
P-1424840K,1529.78,2
u-1813398B,677.52,6
o-9110587W,5928.65,2
U10311712e,668.34,0
m-1088453g,1477.72,6
f-7120148O,1447.7,0
f43525913Z,3267.84,7
V-1004656F,3701.39,1
N-1585083b,995.23,2
t15843955M,1349.43,5
N-3512121s,834.62,9
E-2184088G,3516.33,8
h15062276x,2076.69,4
s90558240D,7434.61,8
L-1816115Y,5420.93,5
i40584522k,1425.18,1
A-1680490U,1027.74,2
u12261336F,1558.65,7
q-1248463u,2098.17,1
m52656713y,14465.59,3
L-6228218t,1657.03,6
k40909397b,1478.46,9
A-1721538a,1700.48,0
p14707024B,6220.67,6
u-1058332x,3011.48,0
w13176062d,2279.53,3
B13169162p,592.95,6
f17933532Q,2161.7,3
P-1313124Y,813.0,8
F14063148j,5261.5,9
J79491457w,2492.24,5
o73706221L,8257.45,1
Q13493762f,4875.65,0
I12233871v,672.02,3
A19937465q,1914.59,1
i12150044m,705.55,7
E-1571710h,1787.36,4
R61678217L,595.57,9
k-1178981C,2365.96,4
M77185218x,1623.22,8
k11391896M,2884.32,9
l-3474389b,1428.8,1
x-1367493b,3239.51,8
N28690532T,404.65,3
M20461177C,3043.17,1
v-1950459j,1172.96,3
P-1366157f,6414.13,2
k-2198355u,1257.14,3
r-2272437U,485.3,5
H-1610911B,1526.39,6
o-4950899p,1439.07,6
q-4569496u,5488.57,7
B14927437i,2758.26,7
E13226619z,3204.34,8
g-1495042h,2228.86,0
a-1279143n,3123.72,6
n84700288Y,6011.18,4
P94483357J,3131.24,8
e-1100534R,1224.81,8
p-1097843f,389.65,4
k28316812g,3314.18,4
T77801635B,1748.15,9
z-3757964J,2193.08,1
n83325059s,2949.71,6
n-5592412g,1001.51,8
X20156241e,20275.29,8
v-3839326y,1037.61,9
d21849459k,19103.96,1
V11493739H,683.31,3
e-1713473l,2118.53,1
o-1428006H,1238.59,9
P-1019884q,612.52,1
a-1405894q,4965.27,2
d-7666372x,3289.89,6
Z-1984492i,1251.53,6
r10507876y,8810.55,3
N12915117c,668.45,6
s48916749r,2400.72,5
x-8009442a,939.36,6
V-9605877z,2765.43,5
J12356869N,721.83,0
A14283545z,585.51,5
q11931054T,2856.44,7
a18429533v,1026.73,0
Z13225783s,4446.16,5
r-5143581F,1803.67,1
I38773245A,3096.65,4
Z34825463y,411.51,2
Z22393693I,1128.74,1
Z-2191916Z,1320.69,4
v-9686944h,643.35,4
Y74309277t,2852.45,8
O-2071605g,2521.85,8
N-5150907H,1137.6,3
L-2259780s,677.22,2
O25177740V,2628.54,0
h64057348f,1645.59,4
i-3471993K,1425.4,8
o30401798v,2285.35,7
s11758995J,1373.07,2
m13716525T,1110.09,6
I22962781q,791.63,3
i-2002618e,1994.47,5
S13436513x,16151.93,7
a11027421p,5187.05,8
c-6945557y,5580.35,3
c-6308705d,1462.94,9
P-2109405G,2936.53,6
X-2155322c,1904.22,0
e-4777482n,2257.82,6
r-1093205B,5131.06,5
l-6384509w,5203.35,6
p60146435a,3288.82,3
p-2236312n,507.04,4
a-2141621o,2294.28,6
l21588657Q,3427.13,7
u93240925H,3705.65,3
B22565681K,742.77,4
l-1476769O,2439.9,1
S-1091522c,3041.06,4
Y-1061099U,9203.96,1
W36422656G,581.67,1
y-1223003V,3058.58,5
R53335131O,4950.84,8
B-1031686U,4998.67,5
q49298313H,1465.49,9
Y-1143965Q,36689.83,6
S24142286K,1909.15,4
t-1802527u,765.85,2
Y-2144374L,668.11,6
C-1160143Y,2885.71,2
d-1898242x,1720.1,0
k11852509F,6556.95,4
n55774167X,1055.83,7
M22148410M,548.01,6
z16830819k,2041.23,6
z-4653924H,5584.46,3
L-1749801m,977.72,2
f-2607363Z,521.35,3
K-2477266U,1155.87,9
W18352080m,1452.38,5
m73044907l,7185.29,3
L85244434f,2147.26,9
j24265577h,823.14,3
z30949635I,1649.74,6
F12160774Y,2482.59,8
b17612610K,1266.19,4
i30546413z,6493.27,2
Z-4890116p,725.93,6
R-1156519s,3213.13,0
O-1332601s,10594.99,6
b77936061P,1992.11,3
m11184489u,1582.27,3
v-4415133s,2468.05,7
H-1361541T,643.35,1
N10483951b,12605.61,0
c13849387F,1593.53,4
Q-7081222u,707.47,0
m-9016178m,4399.51,8
Q16225830I,5092.48,4
U-1153003l,7503.44,4
r-9955746M,1625.36,2
u21483945j,4944.95,6
X-1533262M,4877.38,6
y12035374i,2651.31,6
Q36615111R,4960.33,7
y22394536i,11671.11,2
Y-1269300M,1446.26,5
T19756755G,47876.25,5
z63831486P,996.82,5
t33324223A,1052.67,7
E-1432268e,2239.91,1
C15710178d,1606.13,4
q-1009009e,1292.12,2
H-1760771N,2095.19,3
u-1663903c,1918.04,0
s77828126e,1423.85,7
r18055390O,4817.07,7
k-2099585y,2047.85,0
P11233777z,1525.88,4
Z-1646206B,2954.21,8
m-2097732q,5833.99,6
H-2071162e,737.61,5
P-4438054o,1933.56,7
y15810685M,8307.93,9
d21227181g,5259.08,8
Z-1064749o,2421.17,9
M11266536h,1623.0,6
W75044414r,3970.85,2
N13425049S,7849.84,9
x39431048L,788.3,6
Z12150281q,259.04,2
h17140125L,594.45,1
W-1536006u,1341.43,2
D-1643531L,4800.57,4
l-7638691q,1100.12,0
v-7261069g,3681.58,4
j21980629t,4923.7,6
I18110998S,2516.26,4
P18925683P,1367.67,2
z20009031Q,3983.13,0
X-1265885g,1057.95,5
x-1331305Z,1066.98,7
j-1650243q,1113.68,9
j-8936156D,6966.85,6
Q-7254581y,3246.5,3
A-1339912r,2301.52,3
P17182864p,6360.84,8
n-4305943r,1962.88,4
v22568580b,83280.79,9
K-2148384J,3562.36,0
H22200136U,8263.2,2
w-1155728y,1438.43,7
a-1448713X,1315.39,6
B-3521656h,1442.83,6
P12327999U,1820.26,3
s-2215336y,650.27,2
x40724550Q,4588.73,1
o12778916s,592.84,9
n22697202D,3689.18,5
M-3079970D,2479.98,9
Y11193447p,2856.6,6
f11034155i,4506.22,3
S-2198765D,1251.56,1
H49846586w,2061.35,4
r-1157052Q,2097.22,0
e-4053068Q,2171.45,8
z14411100u,26570.32,6
t18089882q,1233.7,3
a-1306492a,1997.68,7
X19967327p,2430.3,4
R19722314B,506.81,5
m-1897070a,636.08,7
V-1522589e,3234.11,3
t-7837678N,10220.13,3
B-1876818F,1749.36,0
A-2216788Z,2142.74,1
y58058702q,547.08,4
q67265035S,3759.43,2
o-2235999Z,1799.91,3
e16211606h,2348.93,2
f-1511931z,4870.54,6
r78044474N,1545.38,3
X-2032215W,8072.34,1
V54929635N,1383.18,7
Y28100048o,8582.91,0
s-1113642y,5967.2,1
u-1610558w,3018.18,7
o-7943338e,2738.08,6
V30731252o,3363.49,6
J-2049569a,1187.74,3
q73965014U,4598.63,2
Y-2223402p,2102.78,9
f91083403C,895.53,0
F-1424198I,1976.37,3
b-1350184G,8535.21,4
x-1906536c,9747.31,3
u18980487U,985.65,0
e-2144486u,4610.58,3
T91451342E,2698.01,8
G-1056464Y,1134.67,1
r-5783636b,1205.64,1
r15183017n,1185.48,4
L19403211X,3203.98,6
a10378761Y,7833.3,3
B-3210975f,4679.27,8
c-2970759Z,5107.38,7
w-1633549j,909.84,8
R16318248Y,1719.71,1
S22586262X,4468.71,3
O-2404534e,7520.55,8
T10517369V,3160.22,0
X11944438J,11468.72,9
g-2800926C,1596.24,5
c54659423P,834.26,6
G13384578X,3150.19,0
a-9615725L,6584.65,6
w-1727439L,13707.77,3
j-1671899T,1678.83,1
u15513075K,308.07,2
A28143979P,576.96,6
N-1944861C,4218.37,7
G-2566303j,10080.02,0
c17239719M,2211.07,2
D70169920n,720.12,0
K42844728e,8237.22,0
n14331762U,527.84,5
i-2071885N,5407.68,3
q15127304Z,7906.59,2
i99395396b,35341.99,8
o13713439w,2569.19,8
x-1078063X,3956.8,4
y-1004097K,1663.4,4
k56274815U,3933.43,3
U-6432729p,4547.94,9
x-2282172P,2135.68,6
J87163790k,1312.31,0
K-6183157n,959.79,3
l55253895U,1347.91,2
W98320909n,1716.26,8
f10607422r,4150.87,4
C13983433s,2316.2,6
K-9603888y,7403.06,5
U-1298358e,1130.47,0
u15884696J,4884.31,0
f22758859h,3671.32,1
F21467141f,1980.91,9
N23968812K,3360.96,8
L-1924578I,4568.7,4
A12536310C,5836.59,9
H-3320077V,838.27,4
U54140464j,1027.51,4
H65625440y,4294.86,8
O-1758049J,6236.71,8
H-1890031K,4245.41,1
M11283443a,1081.26,3
l-1177682G,55572.18,0
l-4181518C,1200.36,8
U-4011173t,2897.67,3
M10065891P,2967.94,9
p-3304414p,4400.13,9
t-1335409s,1968.79,3
L18732146r,578.5,1
K-1849358w,2364.89,7
K11972350D,1001.94,5
B-1790381b,2191.11,2
J22037391Y,1045.31,9
c20402175f,7373.64,7
g-1222874V,973.01,5
o61274518L,47767.73,3
R21238764k,2746.94,6
N-8998248z,842.64,1
M-2095669m,763.07,1
O20073823x,880.45,2
k-7279260O,945.63,6
Y-2287151K,3236.26,1
Y-6116422G,5823.22,6
q-1219686k,535.66,1
V72431856M,953.35,3
P-3038526g,7076.16,9
D-1410955h,9821.39,8
D-1248163R,18561.17,5
Z20694511D,2701.59,8
C-6629572u,1320.73,3
t-8867045F,12547.27,8
a-2041286I,4825.4,8
f57618195v,1288.43,7
i-7895274m,1409.45,2
i19007345u,5897.78,7
B-3724978v,1711.98,6
N15209085J,3047.15,9
M21896536R,3908.33,0
J-2212008m,583.47,5
j-9398790z,3128.88,9
k15205794j,7167.82,4
E-2150699K,1141.25,0
x74754036i,2299.34,6
d15380405J,4828.72,3
z-1598953V,1716.39,1
l29142213W,1236.22,7
u94329520r,2179.09,9
I22669475d,2779.84,3
C19987871T,823.07,0
o-2007726X,1864.24,1
m22088268l,6855.92,8
J-7133460X,3295.82,2
j18905567d,1297.09,0
T87605457N,6183.11,7
T12554358v,1303.03,4
h-9430035Y,497.43,8
O22101080f,6511.4,5
Q71887331L,3895.28,0
q98465080J,2555.74,4
g16521808T,1578.69,1
h-1921200Q,34822.92,9
Y11727925P,1187.82,5
q92431240q,1282.87,3
A-1921611o,1246.71,0
F-7066018m,1384.92,2
J30439877U,1340.04,6
l76478248L,3195.41,6
p36740787D,2998.41,8
t-3165089E,3115.73,9
t-1966351G,947.78,2
I-1759097y,697.79,5
v14951627H,545.82,3
I-5231243q,2028.44,2
P-1509985h,4786.53,8
Z71955553Q,879.35,8
R-4978958a,9194.34,2
i22644848F,2097.0,3
y15813898N,1859.03,3
y24799398d,1117.36,5
W-1602334H,957.72,0
P-2086663p,9657.67,2
A-1952360y,4028.65,3
f11353067l,2415.53,9
Z20404510i,1703.69,7
z-1370671x,1497.0,8
i-1641236y,2808.18,5
q-2131513C,2669.15,2
m10508273p,1181.62,4
F-1309656v,3638.02,3
X29439521Y,625.62,0
L56695370k,1535.84,2
w-3360902w,4571.69,6
Z12981419x,939.53,0
Z82302317n,3381.79,9
u20627445L,6466.33,0
i-2063652a,5489.05,3
D53387197K,648.59,0
T46205315a,1412.7,4
o-1654709m,4008.11,1
Y18898842Z,1671.83,2
U-1438444g,270.62,4
B22148840H,583.32,8
p-7909067P,4022.4,6
K82118402p,3363.16,4
P-1904625Y,604.88,9
B63005670E,2476.53,6
a-1298983n,2746.43,9
a-8447401l,6070.4,6
i13565099o,850.93,2
f-1485816K,576.1,8
g15201375h,559.49,0
d-1056916g,1608.62,0
w-8386823A,3010.53,5
e14576423c,10499.81,4
U15626570a,1369.17,4
C16763454I,808.55,8
p-1077837n,1456.43,9
x-1500687G,3150.75,9
H22971297C,259.44,8
v99331575G,6931.23,5
H-7693291w,6012.76,5
f61114188C,597.23,6
B-3413598z,4912.34,9
J-2163633P,843.49,6
c96131700J,1780.15,7
Q-1467343c,1238.95,9
K47229301D,17588.08,2
Y-1641594R,1570.66,7
q33500226d,1106.07,8
x-8934991u,1695.26,8
H41383708k,1762.83,6
g91653716Y,902.71,9
C11147530X,11980.46,8
u-2300894n,1529.43,9
Q17527154g,1480.92,5
m-2207671H,4122.04,9
n21219044S,11714.5,7
Y-1909289A,2233.82,5
n31468349R,3145.66,6
r32178017j,1379.06,1
q83106491d,2428.85,8
w30595040m,2143.64,3
x-1954941U,609.79,0
V-3403078z,862.31,5
a10804017l,1043.98,2
Y11021530E,3214.45,0
w-1503651B,1080.66,3
r-6945448j,7000.7,1
Z11816007p,7067.26,3
x13838636N,1652.54,7
t-1367911e,3504.9,3
v56255169f,3379.16,3
B-4259316m,3692.44,2
v-7924266I,613.82,2
L12695976N,13682.73,8
q-8187613B,4055.97,6
e16015891b,827.65,1
x-5000537P,1134.48,2
D-7880387d,2514.83,9
H31712627R,2521.1,9
f-7760435s,3237.09,8
a-1602414F,716.73,7
y-4993026F,760.82,8
a15377311f,5336.01,9
U-1696081V,2241.96,4
s19224549D,3943.87,5
w20823113G,1919.54,3
l-1349820J,45975.55,8
R-2948274o,1742.93,7
t16782318O,1348.53,1
Y-1457465R,5135.18,1
v-2144197C,3428.18,2
x-2014093y,4140.32,8
d-4591998F,2212.28,0
r-2090723O,2047.29,5
U-1191921E,14576.35,9
r-1970023T,659.6,9
S-1674892M,936.89,1
G-2162452R,4972.06,0
A80378730d,1090.8,3
u-1819284w,2337.2,3
v-1209318r,1339.7,0
p-3416801F,2516.93,0
g11810192a,2957.29,6
b46831044u,359.88,5
y22428950Y,728.12,5
v20100933V,1306.95,7
d12165520i,9641.48,8
l-2243901f,5765.21,9
m16922194d,766.09,8
t-1587546h,3392.2,2
d86346817o,914.31,8
l79825102V,1193.31,6
C-1658821I,9101.62,7
n-2084367B,854.24,7
z19301567i,2981.9,1
H-4823323i,3729.49,2
n31353865P,225.54,9
i-1314717a,3139.65,3
g88708259n,2218.47,9
M10208049m,30813.35,2
p10312031l,512.43,9
j15820254t,1001.06,9
b11219834D,5299.69,1
g27845738D,2838.02,8
a-2277951A,471.25,0
b-8541663W,9555.57,2
c-1328664u,1740.48,6
q-1501864D,1379.67,2
P-2028474q,2231.11,0
b-1943502r,2069.65,8
X13904036v,3633.23,9
p22201009c,4601.28,1
b-1731846p,4742.04,2
m-1232449r,1681.63,6
s73955878e,850.5,7
w21104807B,3117.36,8
Y-8714590s,1527.44,3
n-6604555n,940.75,9
B20112755F,6821.04,7
r-1818598c,3604.37,2
b48529290x,4731.81,9
P91727327m,869.05,4
J20066002Q,2951.55,5
P-2704218g,1733.33,6
l-1379405m,1091.57,4
C-1517922h,1468.96,5
I-3302827r,482.7,5
t-2006618I,10787.3,3
E-6273926P,421.22,4
a10698807I,2251.72,5
A15941630F,3557.86,7
t-4403975D,6345.42,6
R14388702V,3430.58,1
j-9803131z,875.99,5
V-2042242Z,2556.38,2
Q-2229156F,3166.66,4
P17330852B,3699.85,0
f11770501z,902.28,5
O-7679980f,52576.54,0
d-4958292z,732.46,3
i24986996P,8010.84,2
q96758261e,10222.22,6
r15504196O,1200.05,1
s-9164758n,2092.55,4
R16339581p,1896.82,5
Z92202314D,1739.46,0
A10851146v,993.53,9
Z49218892E,4338.21,5
Y10613935s,1099.09,5
C-6633868m,1173.36,0
R12442788C,4376.55,0
N-2189109n,1816.34,3
x-1111076W,3330.13,0
e23025129X,1400.87,4
I-1847374X,6801.49,4
k15171262X,3149.56,4
d-2112406w,7787.97,9
x-1408552U,1089.4,1
Z34332118r,8711.34,7
h-2930740k,7607.01,8
V-9728915a,1078.47,2
M17938835z,1534.77,0
d42149834P,1691.84,0
y37826050q,3582.57,4
j-1349295E,2575.8,9
I47319182n,1032.32,0
f-1300760u,504.84,9
v14623001k,1863.93,0
f-1863210S,7126.0,9
t94682640x,5138.44,7
L-6391483w,1222.07,8
s18030533g,3224.55,7
I-3655411V,877.81,9
Q-3432704o,3406.26,7
d-3700930e,8178.03,5
R-1779027F,2561.09,0
K-2177169P,5388.58,8
B-1448242P,1024.23,2
V-1493273B,1121.13,6
Z-2128377r,3553.97,4
j-1994836d,718.02,0
I-2255959U,572.58,3
P-2041199z,1985.68,4
R15066591E,388.94,2
G10820921U,8138.03,1
B-1357696S,1348.11,1
h16279695K,2071.66,2
R16902447f,7292.01,5
S-6684161s,1020.7,9
h17861805G,3171.5,5
S54723559F,693.75,1
C-1103176C,4427.75,8
z41508842z,1135.72,8
d16699323u,5785.14,2
C17311656B,825.24,1
B37768184I,15089.99,6
f21340662W,10051.02,9
z56003561k,7832.33,0
F68295874Z,4637.74,7
Q19307898c,1876.74,8
D-1319701n,2328.31,6
y-6093462X,5271.58,8
q20118649S,396.33,3
Q10035994a,2355.61,4
L-4452446Z,1910.16,3
M-3227100t,5139.52,7
B88120693S,8191.42,2
m16516804p,1713.39,9
P19653432E,3371.89,1
x-1749702B,2832.1,2
x13220328w,2901.65,4
h17414658v,1220.3,4
G-4985978n,1976.31,9
b-7040874b,7637.86,6
x58863702m,2514.94,3
x84930337h,3999.73,6
d18957206x,3571.84,1
N-1745703G,4549.4,8
u24432042k,1310.4,3
z30508487R,2652.1,6
r16294059S,1905.92,0
H-2108091L,4461.18,4
T-1861418l,4967.81,7
Y-2287594M,16602.29,5
S-2262856H,2819.57,0
n14735502c,4216.55,7
S42953963r,1502.27,0
T81007701m,4697.19,3
c15981745N,3641.61,1
x17396712H,2995.04,4
i28678068z,798.88,1
h19917788i,1601.64,4
h19371905Z,2480.25,1
k46522161e,6577.41,9
K-5008643Z,1817.54,7
t10067949t,2404.56,6
i-6289789v,1979.75,7
s10053140L,3626.34,1
C50021983M,2179.34,3
b-1088056N,791.8,5
B18251939Y,3774.92,1
j-1094740D,1905.7,7
s-4883893Q,1766.45,6
h22481365A,1934.78,6
J87382695C,3112.97,4
Y-2069784y,3441.48,7
V-2074579X,13550.87,6
L10577542G,1980.85,3
Q75686415a,3341.86,2
o-2139524M,732.5,5
S17148502m,522.85,7
G-1837212q,8265.8,4
s-6339166E,4550.36,4
S21611713i,12970.34,4
E-5860609f,2085.13,2
x90842212V,1257.69,5
T-7684106s,8044.76,4
N87823081W,2046.68,8
T-1994249o,538.37,2
P-5707632N,271.46,0
U38182084N,3693.1,5
Z-7742856C,4374.49,0
P-3929445q,1060.64,1
L10623696e,2604.51,6
v-1313221G,1100.01,1
Q19968160Q,848.78,2
o-4622211t,1731.99,5
d87894116z,4324.9,7
I-2247201A,3381.74,0
k-1506855X,1157.89,5
s33252064R,6361.47,6
T20409757P,4614.5,2
l-6722826Q,696.56,6
k-1717815X,375.91,8
L18104947J,2662.9,7
T18811034j,2881.27,9
V-2090794j,4546.54,9
C-9746243l,1689.41,7
X60884870R,1539.31,1
Y-1109697o,913.81,4
D15509184U,9302.7,3
N-1526726d,4795.1,2
D-6635489N,3109.33,1
P91939666m,1281.16,6
D-4712260c,913.77,9
Y-1242554C,2268.86,8
i-1887608M,408.98,4
x-8099343c,5730.79,7
t-4297703Z,7376.7,8
r-2233973m,1327.36,9
M13526722v,4565.17,4
F15798669C,4386.89,3
A18300888c,420.15,1
Y-5441952b,1354.2,8
W-9551883X,3483.55,9
w-1026142O,7757.69,3
A-1162143G,1583.69,9
k-2104004I,4726.23,7
g27722633v,4048.09,3
Y-5494208v,3947.68,6
R-9466744L,1624.68,2
y-1764725I,2614.46,7
x11273898z,5092.68,4
K18176647E,11114.65,9
q-8257935P,6137.26,2
M16685844b,457.05,6
W-4238283Z,3117.57,3
a17222056W,1062.78,9
d-2262674v,1408.98,6
B-6462073D,1815.37,0
e19946044s,1550.23,0
j22108372p,926.21,2
R10132699W,2064.97,8
I-2007840g,1934.09,9
f-1883871J,3581.04,8
s27214304y,712.54,8
O17925622P,528.22,4
p-1396299V,4657.92,9
d-2149365f,6580.72,9
m-2086369j,903.21,3
p-2247293h,3921.64,0
L17444500d,770.42,4
w-3453520x,1973.92,8
B-1894922s,5076.25,2
q-6906576V,620.41,3
N21592745W,1299.94,8
U22966546t,3149.68,6
Y97882055f,3429.78,8
P65208168w,1177.59,6
O-1977280N,868.87,0
J-5858573C,1832.26,4
b-1600009O,736.74,4
k16185001q,7976.35,8
J-1502453c,1266.07,8
h-1184928f,3750.01,4
w20807148p,4725.85,1
H-2882173Z,2117.67,3
w33168720l,3377.34,8
Z11132495X,594.67,0
W15477386C,8512.68,5
o53903819E,3533.24,3
E-1275783r,2435.3,9
b12599240M,2389.6,0
D44517833b,2332.48,4
j-1377590c,1786.84,9
r-1930669O,693.85,3
N-9452332x,1080.52,6
P-7667678B,2494.51,5
n13224202u,2090.07,2
B20262533I,942.91,9
I13894787U,863.42,0
A65205208z,3757.14,8
x20603919o,1598.25,1
z10457360K,2728.19,4
M-1712519K,1821.75,4
b-1681467p,1689.59,1
h10860992T,1618.72,3
c-1729585F,6310.42,9
O-7780124Q,10374.33,9
N18717997l,828.83,6
M-2028642u,1484.42,7
L96875350x,9020.71,0
s-9180453P,677.08,0
T17061100n,386.04,5
Q-1640989g,2437.2,3
K-1544774T,1475.83,9
G-1577332Q,2323.42,2
V16180698h,473.77,5
O18445397U,893.49,7
U-3643164N,6030.29,2
G-6618695l,417.51,8
S20524077t,695.92,1
B16670617R,4794.5,3
X16721605D,2948.27,1
f-1996175H,577.02,2
A-5101478b,12250.25,8
k-1735337t,1860.36,9
I69261244y,14459.7,2
p18227676S,4458.14,9
B-2051518V,5690.97,9
k17020328W,1524.56,6
N-9313658v,3676.51,9
h-3056262u,7947.43,4
K-1866847F,1143.82,8
u-2156978e,7525.5,0
C-3016941F,581.12,8
c33903073Q,864.52,5
Q-1582698g,461.1,4
K-1010636S,3243.57,8
N70600170h,7013.12,7
c-3410027y,5617.66,7
m-8902512v,7153.77,4
t24316205h,2569.56,5
z41744928r,1757.46,8
n47427969O,7162.17,3
F14857178F,10171.8,3
x18607097I,4835.96,4
q-1778461b,4864.62,1
z30179504O,1524.12,8
k-7078453O,671.97,2
n21726530a,3513.45,6
N-1839822D,1058.52,9
b-1553102t,5233.75,6
e-1590992X,1663.59,8
D11741561w,2727.94,7
a-1830602c,2053.88,2
D-1231501x,3607.2,1
C-1584260v,3241.29,1
p71461747A,4176.63,2
C-8802779C,2540.26,6
C14604474J,7127.09,4
s12923191N,499.97,7
X-6349190I,5931.35,1
e40587429i,2483.33,2
w-2010482q,1621.22,4
e-1764646J,839.95,9
X-2098906t,3447.88,2
X-1655758N,2600.59,8
V14486337I,959.9,8
V-1564308N,2856.45,4
j51305093b,8074.99,7
M-1781596c,3736.73,2
S20112369s,6596.68,0
B-3513567K,3226.88,6
j21246192N,547.3,5
h-1554287F,26414.19,4
A15262612g,2677.95,6
W-2514493U,2213.63,6
z-1337463D,2943.33,6
